Rank,Major_code,Major,Major_category,Total,Sample_size,Men,Women,ShareWomen,Employed,Full_time,Part_time,Full_time_year_round,Unemployed,Unemployment_rate,Median,P25th,P75th,College_jobs,Non_college_jobs,Low_wage_jobs
94,1901,COMMUNICATIONS,Communications & Journalism,213996,2394,476,209,0.305109489,179633,147335,49889,116251,14602,0.07517697599999999,35000,27000,45000,40763,97964,27440
97,1902,JOURNALISM,Communications & Journalism,72619,843,8739,22456,0.719858952,61022,51411,15902,39524,4535,0.069176442,35000,26000,42900,23279,26672,8512
99,1904,ADVERTISING AND PUBLIC RELATIONS,Communications & Journalism,53162,681,23736,48883,0.6731433920000001,45326,38815,10948,30932,3305,0.06796076599999999,35000,27000,47000,9659,23059,7214
126,1903,MASS MEDIA,Communications & Journalism,52824,590,3741,26730,0.8772275279999999,44679,35769,13078,27521,4410,0.089836827,33000,25000,45000,12855,25297,6429
