Rank,Major_code,Major,Major_category,Total,Sample_size,Men,Women,ShareWomen,Employed,Full_time,Part_time,Full_time_year_round,Unemployed,Unemployment_rate,Median,P25th,P75th,College_jobs,Non_college_jobs,Low_wage_jobs
20,3201,COURT REPORTING,Law & Public Policy,1148,14,877,271,0.236062718,930,808,223,808,11,0.011689692,54000,50000,54000,402,528,144
30,5402,PUBLIC POLICY,Law & Public Policy,5978,55,2695,905,0.251388889,4547,4163,1306,2776,670,0.128426299,50000,35000,70000,1550,1871,340
88,3202,PRE-LAW AND LEGAL STUDIES,Law & Public Policy,13528,92,809,1169,0.591001011,9762,7851,3595,5370,757,0.07196501599999999,36000,29200,46000,2002,6454,1336
90,5401,PUBLIC ADMINISTRATION,Law & Public Policy,5629,46,2947,2682,0.47646118299999995,4158,4148,847,2952,789,0.15949059999999998,36000,23000,60000,919,2313,496
95,5301,CRIMINAL JUSTICE AND FIRE PROTECTION,Law & Public Policy,152824,1728,3156,451,0.125034655,125393,109970,32242,88548,11268,0.082452199,35000,26000,45000,24348,88858,18404
